id,nome,email,data_nascimento,cep
605755,Catarina Rios,costelasara@example.com,1941-07-19,72828003
453942,João Gabriel Nunes,arthurdas-neves@example.org,2004-12-01,05055-581
264157,Sofia Araújo,bda-costa@example.com,1910-11-02,30758720
284311,Alexia Fogaça,machadonina@example.org,1929-01-29,28840-655
640344,Srta. Alexia Fonseca,joao-guilhermesousa@example.org,2002-11-26,85644-776
566589,Esther Correia,vargasmateus@example.com,1931-10-16,16575-210
235031,Josué Moraes,maria-sophiacaldeira@example.org,1914-09-06,53082-954
168517,Liz Albuquerque,dom39@example.org,1984-04-18,73321-912
963175,Gustavo Henrique Ribeiro,stella64@example.org,1952-10-04,34591-636
715299,Olívia Cavalcanti,gsantos@example.org,1997-09-23,49474942
660018,Arthur Pimenta,daniela24@example.org,1940-08-18,77030923
719078,Clarice Rios,correiaana-sophia@example.org,1959-11-10,23847997
287596,Samuel Porto,ceciliavargas@example.net,2017-07-25,16913-009
972500,Arthur Miguel Aragão,oferreira@example.org,1941-09-27,89983-995
434663,Maria Fernanda Campos,fernandesvitor-gabriel@example.org,1942-09-08,33513-339
598510,Liam Nogueira,nogueiraliam@example.org,1962-06-06,55917059
932291,Thales Aparecida,luiz-henriqueda-mota@example.org,1917-06-06,73226-672
440365,Matheus Monteiro,heloisamoura@example.com,1956-04-06,89448435
975042,Gabrielly Siqueira,marianasouza@example.org,1919-09-20,76225783
409883,Sra. Brenda Pimenta,bryan25@example.com,1942-06-27,33971818
626777,Alice Porto,evelyn08@example.net,2017-09-11,24107508
207124,Cauê Almeida,fonsecayan@example.com,1962-12-05,17535757
673293,Helena Guerra,siqueiraclarice@example.com,1994-03-14,08144-698
894673,Felipe Ribeiro,aparecidabarbara@example.com,1993-05-26,70980-209
168857,Luiz Miguel Cavalcante,paulo30@example.com,2006-10-13,86967-994
855370,Nicolas Cassiano,ravy82@example.org,1967-09-01,86678944
945172,Sra. Maria Júlia Mendonça,wcamara@example.net,1925-11-29,19384606
685184,Gael Henrique Teixeira,upereira@example.net,1998-10-04,81995256
812685,Luara Almeida,camaraaylla@example.org,1911-02-03,86514345
666712,Benício Câmara,maria-sophiada-mota@example.net,2016-11-26,05661310
548838,Heitor Souza,garciadante@example.com,1996-05-02,39479-052
429147,Lucas Gabriel Peixoto,gmartins@example.com,2009-10-14,20117-823
908765,Sr. Luiz Felipe Araújo,otaviomarques@example.com,1973-08-14,84342306
132374,Vitor Mendonça,cda-rocha@example.net,1940-02-22,97098-549
970129,Pietra Farias,felipe36@example.org,1988-08-27,98060-255
412294,Diogo Castro,pauloandrade@example.net,1925-08-10,31688-513
444755,Lunna Garcia,alvesana-luiza@example.org,1995-02-22,36463-652
388384,Arthur Miguel Carvalho,vitor94@example.com,1997-09-18,34968465
966660,Juan Vargas,davi-miguel44@example.org,1943-08-15,86875242
121672,Gabriela da Paz,paulofogaca@example.org,2020-08-01,15692581
783022,Milena Campos,jdas-neves@example.com,1990-06-06,91674369
727415,Maria Luiza Rios,piresfrancisco@example.org,2008-10-14,85656-076
751624,Beatriz Barros,maria-luisa21@example.net,1993-01-07,99660318
349123,Henrique Barbosa,samuelsantos@example.net,1997-03-30,44118-175
834388,Bella Melo,cavalcantevitor@example.com,2012-02-24,77192-882
806702,Dom Farias,ecosta@example.org,1928-11-02,30411-110
812112,Benjamim Sampaio,giovanna98@example.org,1915-01-24,77613170
344340,Dra. Ana Lívia da Costa,salesbrenda@example.net,1970-09-23,18299395
929896,Bernardo Vargas,maria-ceciliapastor@example.org,1962-10-29,06672076
871904,Bernardo da Cruz,pmontenegro@example.com,1995-12-04,75311091
207066,Alícia da Paz,isisnunes@example.com,1993-11-19,51855-018
781671,Antony Sales,murilo21@example.com,2021-09-30,80270-264
909685,Maysa Câmara,alice71@example.org,1960-02-27,66777-877
297529,Letícia da Mota,laura23@example.com,1985-11-21,86854-771
291588,Gael Azevedo,pereirayan@example.org,1958-02-28,62494751
944153,João Abreu,helenasousa@example.org,2019-06-25,23704-501
505856,Caroline Mendonça,zpimenta@example.net,1970-08-15,23599-393
719969,Augusto Ferreira,marianasales@example.com,1982-11-04,02295644
484917,Olivia Ferreira,joao-felipesa@example.org,1993-01-20,79170-696
565149,Marcelo Araújo,maria-isiscamara@example.com,1915-04-18,38878863
974025,Theodoro Rios,ana-sophiada-paz@example.org,1989-04-01,08535-593
522446,Juan Sá,qandrade@example.com,1989-05-23,39919798
174920,Thales Costela,britootto@example.net,2014-12-15,03322-763
285632,Dr. Davi Lucas Oliveira,udas-neves@example.com,1991-11-08,15236955
314914,Dra. Anna Liz Ferreira,pastorleo@example.com,1952-03-11,74988727
717217,Laís Porto,danteleao@example.net,1941-01-30,48060-615
725211,Brayan Sá,srezende@example.com,1939-12-16,26904-654
722219,Ana Júlia Sá,brenorezende@example.org,1918-01-15,64968645
447347,Beatriz Costa,ccastro@example.com,1926-10-16,18807-439
418844,Gael Moreira,danielaribeiro@example.org,1929-02-26,49619482
501305,Dra. Kamilly Rocha,aurora09@example.org,1930-11-13,68346106
760716,Alexia Novais,vargascalebe@example.net,1993-07-04,34576-734
777317,Sr. Lucca Cassiano,aylasilva@example.com,2020-04-28,17720-703
745416,Maria Cecília Fonseca,garciadavi-luiz@example.org,1950-04-07,84739-609
547161,Dra. Allana Leão,gsousa@example.net,1956-01-17,66640085
329349,Mariana Novais,oliverda-rosa@example.com,2020-03-14,06827-137
726460,Sra. Ana Abreu,sara84@example.org,2015-09-14,63817187
520825,Carlos Eduardo Melo,rnascimento@example.net,1985-02-27,22884796
992564,Leandro Azevedo,marcos-viniciusazevedo@example.org,2022-01-15,53754-403
767060,Maria Luiza Azevedo,yurivieira@example.com,2019-12-25,59156-870
709587,Bryan Silveira,ana-clarapinto@example.net,1971-01-14,53770-660
235658,Eduarda Sales,monteiroluiz-fernando@example.net,2014-03-31,78444406
912107,Léo Camargo,juliasa@example.net,1968-07-04,28966-786
463572,Diogo Carvalho,gael-henriquegarcia@example.com,1993-10-07,76643324
685340,Mariah Dias,pietracardoso@example.net,1984-05-28,43438-961
163971,Maria Eduarda Pimenta,wvasconcelos@example.org,1957-04-03,15798550
707215,Benício Pastor,lauracarvalho@example.net,2020-09-08,29202711
809345,Gustavo Lopes,isabellalima@example.com,1985-10-17,43029091
203534,Joana Casa Grande,davi-miguel23@example.com,1959-07-06,81252503
215495,Camila Garcia,mcampos@example.com,1959-08-13,05466-609
901956,Anthony Fernandes,breno34@example.org,2020-05-01,85517871
576495,Nina Nunes,dante36@example.org,1921-10-12,49836-427
993254,Sra. Ana Vitória Sales,ana-luizarios@example.com,1968-06-13,47638297
150495,Alana Peixoto,moreiraian@example.org,1980-06-18,37362773
578296,Maria Eduarda Nogueira,andradeevelyn@example.net,2013-10-31,99725034
657955,Sra. Catarina da Cruz,gabriellyoliveira@example.org,1986-02-06,74281-405
952612,Bianca Farias,caldeirafernanda@example.com,1961-09-03,90673659
792889,Nina da Cunha,matteo25@example.net,2000-08-30,11577-101
199316,Sophia Fonseca,yurida-rocha@example.org,1987-05-02,90619813
588622,Vitor da Mata,larissacassiano@example.net,1927-11-08,23634960
